{
    "styles": {
        "Regular-No-IF_OWN_ICON_EXISTS": {
            "nodes": {
                "_fun_total_load": [
                    0.0,
                    0.0
                ],
                "_fun_velocity": [
                    119.61161090918404,
                    45.43161141463146
                ],
                "_res_power": [
                    466.91100707102913,
                    22.71580570731573
                ],
                "_mult": [
                    298.2169272846685,
                    28.07704191496988
                ],
                "_plus": [
                    106.92284902418679,
                    0.60456949966159
                ],
                "_plus1": [
                    354.0639690851974,
                    23.320375206977317
                ],
                "_prod": [
                    226.3698854841396,
                    23.077041914969872
                ]
            },
            "edges": {
                "(_fun_total_load:total_load)-(_plus:_op)": [
                    [
                        56.068339032357095,
                        10.465544385140298
                    ],
                    [
                        66.0683390323571,
                        10.465544385140298
                    ],
                    [
                        82.57402115301814,
                        10.465544385140298
                    ],
                    [
                        82.57402115301814,
                        10.465544385140298
                    ],
                    [
                        99.07970327367917,
                        10.465544385140298
                    ],
                    [
                        109.07970327367917,
                        10.465544385140298
                    ]
                ],
                "(_fun_velocity:velocity)-(_prod:velocity)": [
                    [
                        165.3114654444708,
                        55.89715579977176
                    ],
                    [
                        175.3114654444708,
                        55.89715579977176
                    ],
                    [
                        175.3114654444708,
                        55.89715579977176
                    ],
                    [
                        175.3114654444708,
                        36.23389616446225
                    ],
                    [
                        218.52673973363196,
                        36.23389616446225
                    ],
                    [
                        228.52673973363196,
                        36.23389616446225
                    ]
                ],
                "(_mult:_res3)-(_plus1:_op)": [
                    [
                        307.0387595615046,
                        33.23389616446226
                    ],
                    [
                        317.0387595615046,
                        33.23389616446226
                    ],
                    [
                        331.6297914480972,
                        33.23389616446226
                    ],
                    [
                        331.6297914480972,
                        33.18135009245603
                    ],
                    [
                        346.2208233346898,
                        33.18135009245603
                    ],
                    [
                        356.2208233346898,
                        33.18135009245603
                    ]
                ],
                "(_plus:_res)-(_prod:_res)": [
                    [
                        175.96776479711667,
                        10.465544385140298
                    ],
                    [
                        185.96776479711667,
                        10.465544385140298
                    ],
                    [
                        202.2472522653743,
                        10.465544385140298
                    ],
                    [
                        202.2472522653743,
                        30.23389616446225
                    ],
                    [
                        218.52673973363196,
                        30.23389616446225
                    ],
                    [
                        228.52673973363196,
                        30.23389616446225
                    ]
                ],
                "(_plus1:_res4)-(_res_power:power)": [
                    [
                        416.44389157199447,
                        33.18135009245603
                    ],
                    [
                        426.44389157199447,
                        33.18135009245603
                    ],
                    [
                        443.0581611960888,
                        33.18135009245603
                    ],
                    [
                        443.0581611960888,
                        33.18135009245603
                    ],
                    [
                        459.6724308201831,
                        33.18135009245603
                    ],
                    [
                        469.6724308201831,
                        33.18135009245603
                    ]
                ],
                "(_prod:_res2)-(_mult:_op)": [
                    [
                        251.1917177609757,
                        33.23389616446225
                    ],
                    [
                        261.19171776097573,
                        33.23389616446225
                    ],
                    [
                        275.78274964756827,
                        33.23389616446225
                    ],
                    [
                        275.78274964756827,
                        33.23389616446226
                    ],
                    [
                        290.37378153416086,
                        33.23389616446226
                    ],
                    [
                        300.37378153416086,
                        33.23389616446226
                    ]
                ]
            }
        }
    }
}