{
    "styles": {
        "Regular-No-IF_OWN_ICON_EXISTS": {
            "nodes": {
                "_fun_extra_payload": [
                    0.0,
                    27.007792408297384
                ],
                "_fun_velocity": [
                    6.880193079362584,
                    61.41925354293009
                ],
                "_res_overall_cost": [
                    524.3781443432182,
                    45.007792408297384
                ],
                "_sum": [
                    136.76602020841872,
                    30.316482543945302
                ],
                "battery_dp": [
                    363.4185770795849,
                    0.0
                ],
                "chassis_dp": [
                    211.34537761380335,
                    12.46484375
                ],
                "(battery_dp:mass_battery)-(_sum:mass_battery)": [
                    124.0,
                    -17.25
                ]
            },
            "edges": {
                "(_fun_extra_payload:extra_payload)-(_sum:extra_payload)": [
                    [
                        81.42165629309929,
                        37.52393951560565
                    ],
                    [
                        91.42165629309929,
                        37.52393951560565
                    ],
                    [
                        110.17226537550519,
                        37.52393951560565
                    ],
                    [
                        110.17226537550519,
                        37.47333679343768
                    ],
                    [
                        128.9228744579111,
                        37.47333679343768
                    ],
                    [
                        138.9228744579111,
                        37.47333679343768
                    ]
                ],
                "(_fun_velocity:velocity)-(chassis_dp:velocity)": [
                    [
                        53.17735291250093,
                        71.93540065023835
                    ],
                    [
                        63.17735291250093,
                        71.93540065023835
                    ],
                    [
                        59.50223186329572,
                        71.93540065023835
                    ],
                    [
                        59.50223186329572,
                        71.93540065023835
                    ],
                    [
                        203.50223186329572,
                        71.93540065023835
                    ],
                    [
                        213.50223186329572,
                        68.14059143210957
                    ]
                ],
                "(_sum:_result)-(chassis_dp:total_load)": [
                    [
                        161.45455170400484,
                        40.47333679343768
                    ],
                    [
                        171.45455170400484,
                        40.47333679343768
                    ],
                    [
                        187.4783917836503,
                        40.47333679343768
                    ],
                    [
                        187.4783917836503,
                        53.14059143210957
                    ],
                    [
                        203.50223186329572,
                        53.14059143210957
                    ],
                    [
                        213.50223186329572,
                        53.14059143210957
                    ]
                ],
                "(battery_dp:mass_battery)-(_sum:mass_battery)": [
                    [
                        483.04126690036634,
                        40.67574768210957
                    ],
                    [
                        493.04126690036634,
                        40.67574768210957
                    ],
                    [
                        493.04126690036634,
                        40.67574768210957
                    ],
                    [
                        493.04126690036634,
                        -12.0
                    ],
                    [
                        132.0,
                        -12.0
                    ],
                    [
                        132.0,
                        43.47333679343768
                    ],
                    [
                        128.9228744579111,
                        43.47333679343768
                    ],
                    [
                        138.9228744579111,
                        43.47333679343768
                    ]
                ],
                "(battery_dp:total_cost)-(_res_overall_cost:overall_cost)": [
                    [
                        483.04126690036634,
                        55.67574768210957
                    ],
                    [
                        493.04126690036634,
                        55.67574768210957
                    ],
                    [
                        505.09041749636924,
                        55.67574768210957
                    ],
                    [
                        505.09041749636924,
                        55.52393951560565
                    ],
                    [
                        517.1395680923722,
                        55.52393951560565
                    ],
                    [
                        527.1395680923722,
                        55.52393951560565
                    ]
                ],
                "(chassis_dp:power)-(battery_dp:power)": [
                    [
                        313.06589153126447,
                        60.64059143210957
                    ],
                    [
                        323.06589153126447,
                        60.64059143210957
                    ],
                    [
                        339.32066143017084,
                        60.64059143210957
                    ],
                    [
                        339.32066143017084,
                        48.17574768210957
                    ],
                    [
                        355.5754313290773,
                        48.17574768210957
                    ],
                    [
                        365.5754313290773,
                        48.17574768210957
                    ]
                ]
            }
        }
    }
}